"October 23, 2014 at 11:23PM",Artist: Ratatat,Track: El Pico,Album: Ratatat,,http://ift.tt/GGtZUI
"October 23, 2014 at 11:27PM",Artist: Dan the Automator,Track: Mastermind (Instrumental),Album: Deltron 3030 Instrumentals,,http://ift.tt/KL4w25
"October 23, 2014 at 11:32PM",Artist: Black Moth Super Rainbow,Track: From the See,Album: Start A People,,http://ift.tt/1np2vZh
"October 23, 2014 at 11:33PM",Artist: Deastro,Track: LIGHT POWERED,Album: Keepers,,http://ift.tt/AFaQ5Y
"October 23, 2014 at 11:35PM",Artist: Freddie Joachim,Track: My People,Album: Midway,,http://ift.tt/1ivwMkJ
"October 23, 2014 at 11:38PM",Artist: Ratatat,Track: Bilar,Album: LP4,,http://ift.tt/11u3dIz
"October 23, 2014 at 11:42PM",Artist: Cookin' On 3 Burners,Track: Feel Good Inc.,"Album: Baked, Broiled And Fried",,http://ift.tt/RnnXdO.
"October 23, 2014 at 11:48PM",Artist: RJD2,Track: Get It,Album: The Third Hand,,http://ift.tt/USyu3k
"October 23, 2014 at 11:51PM",Artist: The Glitch Mob,Track: A Dream Within a Dream,Album: Drink the Sea,,http://ift.tt/y0SuvA
"October 23, 2014 at 11:58PM",Artist: Kasabian,Track: Empire,Album: Empire,,http://ift.tt/q7ZIAR
"October 24, 2014 at 12:02AM",Artist: Beck,Track: Go It Alone,Album: Guero,,http://ift.tt/IORU5P
"October 24, 2014 at 06:41PM",Artist: Spoon,Track: The Way We Get By,Album: Kill the Moonlight,,http://ift.tt/tdaKIQ
"October 24, 2014 at 06:44PM",Artist: Arctic Monkeys,Track: I Wanna Be Yours,Album: AM,,http://ift.tt/15sT58B
"October 24, 2014 at 06:47PM",Artist: Kasabian,Track: Seek and Destroy,Album: Empire,,http://ift.tt/1bsl3n8
"October 24, 2014 at 06:49PM",Artist: Yeah Yeah Yeahs,Track: Heads Will Roll,Album: It's Blitz!,,http://ift.tt/rqHHUe
"October 24, 2014 at 06:53PM",Artist: The Bravery,Track: Time Won't Let Me Go,Album: Time Won't Let Me Go,,http://ift.tt/uacHff
"October 24, 2014 at 06:57PM",Artist: Arctic Monkeys,Track: Arabella,Album: AM,,http://ift.tt/15N5UIi
"October 24, 2014 at 07:01PM",Artist: Patrick Sweany,Track: Them Shoes,Album: Every Hour Is A Dollar Gone,,http://ift.tt/QgMFvi
"October 24, 2014 at 07:08PM",Artist: Kasabian,Track: Running Battle,Album: Kasabian,,http://ift.tt/uWdloE
"October 24, 2014 at 07:12PM",Artist: Gorillaz,Track: Kids With Guns,Album: Demon Days,,http://ift.tt/vsVBHE
"October 24, 2014 at 07:16PM",Artist: Spoon,Track: Got Nuffin,Album: Got Nuffin EP,,http://ift.tt/xq4Wiu
"October 24, 2014 at 07:20PM",Artist: The White Stripes,Track: Fell in Love With a Girl,Album: White Blood Cells,,http://ift.tt/rCdtQn
"October 24, 2014 at 07:21PM",Artist: Arctic Monkeys,Track: I Want It All,Album: AM,,http://ift.tt/14mKiPj
"October 24, 2014 at 07:25PM",Artist: The Dandy Warhols,Track: We Used To Be Friends (2009),Album: Are Sound,,http://ift.tt/1zqjdzb
"October 24, 2014 at 07:29PM",Artist: Grand National,Track: Talk Amongst Yourselves,Album: Kicking the National Habit,,http://ift.tt/UkYh5H
"October 24, 2014 at 07:34PM",Artist: The Strokes,Track: You Only Live Once,Album: First Impressions Of Earth (Explicit),,http://ift.tt/rlaJjH
"October 24, 2014 at 07:37PM",Artist: The Bravery,Track: The Ocean (Alt. Version),Album: The Sun And The Moon Complete [2 Cd],,http://ift.tt/ZN6INl
"October 27, 2014 at 05:37PM",Artist: Morcheeba,Track: Easier Said Than Done,Album: Blood Like Lemonade,,http://ift.tt/Y9STpf
"October 27, 2014 at 05:41PM",Artist: Tosca,Track: Oscar (feat. Anna Clementi),Album: Dehli9,,http://ift.tt/1jYbsYs
"October 27, 2014 at 05:47PM",Artist: General Midi,Track: The Eastoner,Album: MIDI Style,,http://ift.tt/HX3w2c
"October 27, 2014 at 05:53PM",Artist: Bonobo,Track: Days To Come,Album: Days to Come,,http://ift.tt/z1M6gL
"October 27, 2014 at 05:57PM",Artist: Morcheeba,Track: Everybody Loves a Loser,Album: The Antidote,,http://ift.tt/1h12dSS
"October 27, 2014 at 06:01PM",Artist: Mo' Horizons,Track: Foto Viva,Album: Come Touch the Sun,,http://ift.tt/12wsINe
"October 27, 2014 at 06:11PM",Artist: Kasabian,Track: Shoot the Runner,Album: Empire,,http://ift.tt/RXl8Df
"October 27, 2014 at 06:14PM",Artist: Yeah Yeah Yeahs,Track: Gold Lion,Album: Gold Lion / Let Me Know,,http://ift.tt/H6bTZd
"October 27, 2014 at 06:17PM",Artist: The Killers,Track: Mr. Brightside,Album: Hot Fuss,,http://ift.tt/nqMbVU
"October 27, 2014 at 06:21PM",Artist: Radiohead,Track: Bodysnatchers,Album: In Rainbows,,http://ift.tt/mRvZsD
"October 27, 2014 at 06:26PM",Artist: Bloc Party,Track: Banquet,Album: Bloc Party EP,,http://ift.tt/pA25Je
"October 27, 2014 at 06:29PM",Artist: The White Stripes,Track: The Denial Twist,Album: Get Behind Me Satan,,http://ift.tt/wm1LwU
"October 27, 2014 at 06:32PM",Artist: Muse,Track: Supermassive Black Hole,Album: Black Holes and Revelations,,http://ift.tt/pxs7Al
"October 27, 2014 at 06:35PM",Artist: The Bravery,Track: This Is Not The End,Album: The Sun And The Moon,,http://ift.tt/1bh6g8s
"October 27, 2014 at 06:39PM",Artist: Kasabian,Track: By My Side,Album: Empire,,http://ift.tt/q4aAUb
"October 27, 2014 at 06:44PM",Artist: The Killers,Track: Read My Mind,Album: Sam's Town,,http://ift.tt/ouzXDa
"October 27, 2014 at 06:49PM",Artist: Arctic Monkeys,Track: Mad Sounds,Album: AM,,http://ift.tt/11CEWgg
"October 27, 2014 at 06:52PM",Artist: Muse,Track: Time Is Running Out,Album: Absolution,,http://ift.tt/qhzICf
"October 27, 2014 at 06:56PM",Artist: Spoon,Track: I Turn My Camera On,Album: I Turn My Camera On,,http://ift.tt/rqVmT9
"October 27, 2014 at 07:00PM",Artist: Kasabian,Track: Test Transmission,Album: Kasabian,,http://ift.tt/tGUdoT
"October 27, 2014 at 07:04PM",Artist: The Bravery,Track: An Honest Mistake,Album: The Bravery,,http://ift.tt/PoPt9O
"October 27, 2014 at 07:08PM",Artist: The Raconteurs,Track: Level,Album: Broken Boy Soldiers,,http://ift.tt/JD2SL1
"October 27, 2014 at 07:10PM",Artist: Arctic Monkeys,Track: Knee Socks,Album: AM,,http://ift.tt/15yfASH
"October 27, 2014 at 07:30PM",Artist: Lincoln Ads,Track: Saturday Night,Album: --,,http://ift.tt/1zCdeHm
"October 27, 2014 at 09:54PM",Artist: Portishead,Track: Wandering Stars,Album: Dummy,,http://ift.tt/ZZ0oLL
"October 27, 2014 at 09:59PM",Artist: Thievery Corporation,Track: Until the Morning,Album: Breakfast Club: Milan,,http://ift.tt/yKFGEM
"October 27, 2014 at 10:04PM",Artist: Bitter:Sweet,Track: Don't Forget To Breathe,Album: The Mating Game,,http://ift.tt/wPjHOF
"October 27, 2014 at 10:07PM",Artist: Massive Attack,Track: Angel,Album: Mezzanine,,http://ift.tt/yD7QpF
"October 27, 2014 at 10:14PM",Artist: Portishead,Track: Strangers,Album: Dummy,,http://ift.tt/rYO4nD
"October 27, 2014 at 10:18PM",Artist: Jem,Track: They,Album: Finally Woken,,http://ift.tt/vbLTxS
"October 27, 2014 at 10:22PM",Artist: Morcheeba,Track: Blindfold,Album: Parts of the Process,,http://ift.tt/oC7iwW
"October 28, 2014 at 10:56AM",Artist: Ratatat,Track: Kennedy,Album: Classics,,http://www.last.fm/music/Ratatat/_/Kennedy
"October 28, 2014 at 11:00AM",Artist: Robot Koch,Track: Hard To Find,Album: An-ten-nae Presents Acid Crunk Volume 2,,http://www.last.fm/music/Robot+Koch/_/Hard+To+Find
"October 28, 2014 at 11:04AM",Artist: Wax Tailor,Track: Que Sera,Album: Tales of the Forgotten Melodies,,http://www.last.fm/music/Wax+Tailor/_/Que+Sera
"October 28, 2014 at 11:07AM",Artist: Parov Stelar,Track: The Golden Boy,Album: The Paris Swing Box - EP,,http://www.last.fm/music/Parov+Stelar/_/The+Golden+Boy
"October 28, 2014 at 03:47PM",Artist: Gramatik,Track: Just Jammin',Album: Street Bangerz Volume 2,,http://ift.tt/1agFXA1
"October 28, 2014 at 03:52PM",Artist: Arctic Monkeys,Track: Don't Sit Down 'Cause I've Moved Your Chair,Album: Don't Sit Down 'Cause I've Moved Your Chair (Radio Single),,http://ift.tt/qlQYOm
"October 28, 2014 at 03:55PM",Artist: Vance Joy,Track: Riptide,Album: Riptide (Single),,http://ift.tt/10MRJPy
"October 28, 2014 at 03:59PM",Artist: Jet,Track: Are You Gonna Be My Girl,Album: Get Born,,http://www.last.fm/music/Jet/_/Are+You+Gonna+Be+My+Girl
"October 28, 2014 at 04:02PM",Artist: The Neighbourhood,Track: Sweater Weather,Album: I'm Sorry ...,,http://ift.tt/Hpx4c2
"October 28, 2014 at 04:06PM",Artist: Arctic Monkeys,Track: Do I Wanna Know?,Album: Do I Wanna Know? (Single),,http://www.last.fm/music/Arctic+Monkeys/_/Do+I+Wanna+Know%3F
"October 28, 2014 at 04:12PM",Artist: The Black Keys,Track: Sinister Kid,Album: Brothers,,http://www.last.fm/music/The+Black+Keys/_/Sinister+Kid
"October 28, 2014 at 04:16PM",Artist: Modest Mouse,Track: The Ocean Breathes Salty,Album: Good News For People Who Love Bad News,,http://ift.tt/XGdstA
"October 28, 2014 at 04:19PM",Artist: Phoenix,Track: Lasso,Album: Wolfgang Amadeus Phoenix,,http://ift.tt/o95XL2
"October 28, 2014 at 04:22PM",Artist: Arctic Monkeys,Track: Secret Door,Album: Humbug,,http://ift.tt/zMkfFd
"October 28, 2014 at 04:26PM",Artist: Grizzly Bear,Track: Two Weeks (Radio Mix),Album: Two Weeks (Radio Single),,http://ift.tt/UFzr1Q
"October 28, 2014 at 04:46PM",Artist: The Fratellis,Track: Flathead,Album: Flathead [Radio Single],,http://ift.tt/w3gCaJ
"October 28, 2014 at 04:50PM",Artist: The Neighbourhood,Track: Staying Up,Album: I Love You.,,http://ift.tt/17HiM25
"October 28, 2014 at 04:54PM",Artist: The Black Keys,Track: I'll Be Your Man,Album: The Big Come Up,,http://ift.tt/vyp59l
"October 28, 2014 at 04:57PM",Artist: Sir Sly,Track: Gold,Album: Ghost (Single),,http://ift.tt/135orKL
"October 28, 2014 at 05:00PM",Artist: The Killers,Track: Somebody Told Me,Album: Hot Fuss,,http://ift.tt/s5uhUV
"October 28, 2014 at 05:05PM",Artist: Miike Snow,Track: Animal,Album: Miike Snow,,http://ift.tt/p8UQR2
"October 28, 2014 at 05:09PM",Artist: Arctic Monkeys,Track: My Propeller,Album: Humbug,,http://ift.tt/PXpz0g
"October 28, 2014 at 05:13PM",Artist: The Neighbourhood,Track: Afraid,Album: I Love You.,,http://ift.tt/13xp8P8
"October 28, 2014 at 05:17PM",Artist: The Last Shadow Puppets,Track: My Mistakes Were Made for You (acoustic),Album: My Mistakes Were Made For You,,http://ift.tt/1qrU0Mp
"October 28, 2014 at 05:21PM",Artist: The Strokes,Track: 12:51,Album: Room on Fire,,http://ift.tt/qtykBo
"October 28, 2014 at 05:23PM",Artist: The Shins,Track: Young Pilgrims,Album: Chutes Too Narrow,,http://ift.tt/nR4lex
"October 28, 2014 at 08:31PM",Artist: Franz Ferdinand,Track: Take Me Out (live),Album: KCRW Sounds Eclectic 3,,http://ift.tt/1404pBO
"October 28, 2014 at 08:35PM",Artist: The Neighbourhood,Track: Alleyways,Album: I Love You.,,http://ift.tt/17HgTlU
"October 28, 2014 at 08:39PM",Artist: Gorillaz,Track: Feel Good Inc.,Album: Demon Days,,http://ift.tt/tPR1g5.
"October 28, 2014 at 08:43PM",Artist: The Kooks,Track: Love It All,Album: Konk,,http://ift.tt/vQoiOj
"October 28, 2014 at 08:47PM",Artist: Vampire Weekend,Track: A-Punk,Album: Vampire Weekend,,http://ift.tt/qCUEkB
"October 29, 2014 at 01:55PM",Artist: Franz Ferdinand,Track: Come On Home,Album: Franz Ferdinand,,http://ift.tt/z29RDv
"October 29, 2014 at 01:59PM",Artist: The Neighbourhood,Track: W.D.Y.W.F.M?,Album: I Love You.,,http://www.last.fm/music/The+Neighbourhood/_/W.D.Y.W.F.M%3F
"October 29, 2014 at 02:03PM",Artist: Phoenix,Track: If I Ever Feel Better,Album: United,,http://www.last.fm/music/Phoenix/_/If+I+Ever+Feel+Better
"October 29, 2014 at 02:08PM",Artist: The White Stripes,Track: Hello Operator,Album: De Stijl,,http://ift.tt/wHohKN
"October 29, 2014 at 02:12PM",Artist: Peter Bjorn and John,Track: Young Folks,Album: Writer's Block,,http://ift.tt/uyaK4V
"October 29, 2014 at 02:16PM",Artist: Gnarls Barkley,Track: Crazy,Album: St. Elsewhere,,http://www.last.fm/music/Gnarls+Barkley/_/Crazy
"October 29, 2014 at 02:19PM",Artist: Arctic Monkeys,Track: That's Where You're Wrong,Album: Suck It and See,,http://ift.tt/oa1Yy4
"October 29, 2014 at 02:23PM",Artist: The Neighbourhood,Track: Baby Came Home,Album: I'm Sorry ...,,http://ift.tt/XK6GhB
"October 29, 2014 at 02:28PM",Artist: Gorillaz,Track: Clint Eastwood,Album: Gorillaz (Explicit),,http://ift.tt/nHDTaB
"October 29, 2014 at 03:11PM",Artist: The Black Keys,Track: Brooklyn Bound,Album: The Big Come Up,,http://ift.tt/taaRi8
"October 29, 2014 at 03:14PM",Artist: Arctic Monkeys,Track: Why'd You Only Call Me When You're High?,Album: Why'd You Only Call Me When You're High? (Single),,http://ift.tt/1c6PA9v
"October 29, 2014 at 03:17PM",Artist: The Neighbourhood,Track: Float,Album: I Love You.,,http://ift.tt/YzcSzo
"October 29, 2014 at 03:21PM",Artist: Franz Ferdinand,Track: You're the Reason I'm Leaving,Album: You Could Have It So Much Better,,http://ift.tt/uPdsoh
"October 29, 2014 at 03:24PM",Artist: The Strokes,Track: The Modern Age,Album: Is This It,,http://ift.tt/tkR2lF
"October 29, 2014 at 03:28PM",Artist: Cage the Elephant,Track: Come a Little Closer,Album: Come A Little Closer (Single),,http://ift.tt/17dq4tg
"October 29, 2014 at 03:32PM",Artist: Grouplove,Track: Tongue Tied,Album: Never Trust A Happy Song,,http://ift.tt/xYrxBR
"October 29, 2014 at 03:36PM",Artist: The Neighbourhood,Track: Everybody's Watching Me (Uh Oh),Album: I Love You.,,http://ift.tt/168vQPM
"October 29, 2014 at 03:40PM",Artist: The Last Shadow Puppets,Track: Calm Like You,Album: The Age of the Understatement,,http://ift.tt/qQDrQc
"October 29, 2014 at 03:42PM",Artist: Matt & Kim,Track: Daylight,Album: Grand,,http://ift.tt/LNQGYd
"October 29, 2014 at 09:01PM",Artist: Ratatat,Track: Gettysburg,Album: Classics,,http://ift.tt/vDyK0e
"October 29, 2014 at 09:08PM",Artist: Crystal Castles,Track: Magic Spells,Album: Crystal Castles,,http://ift.tt/pXuPiL
"October 29, 2014 at 09:14PM",Artist: Nightmares on Wax,Track: You Wish,Album: In A Space Outta Sound,,http://ift.tt/GO7BY2
"October 29, 2014 at 09:17PM",Artist: Air,Track: Alpha Beta Gaga,Album: Talkie Walkie,,http://ift.tt/qaTXXc
"October 29, 2014 at 09:22PM",Artist: DJ Shadow,Track: Organ Donor (Extended Overhaul),Album: Endtroducing..... (Deluxe Edition),,http://ift.tt/GBTZCC
"October 31, 2014 at 09:48AM",Artist: Satoshi Kon,Track: Editing Space & Time,Album: --,,http://ift.tt/1toMTbt
"October 31, 2014 at 11:44AM",Artist: Rhod,Track: Trouble,Album: Desert Island Songs,,http://www.last.fm/music/Rhod/_/Trouble
"October 31, 2014 at 01:46PM",Artist: Everything But the Girl,Track: Single (Photek remix),Album: Everything But The Girl vs. Drum 'N' Bass,,http://ift.tt/1aDoo2m
"October 31, 2014 at 01:51PM",Artist: Massive Attack,Track: Future Proof,Album: Collected (Special Edition),,http://ift.tt/qUpuHo
"October 31, 2014 at 02:31PM",Artist: Classical New Age Piano Music,Track: Song for Sienna,Album: Classical New Age Piano and Cello Duets,,http://ift.tt/1sRB0rs
"November 01, 2014 at 08:27PM",Artist: Morcheeba,Track: Recipe For Disaster,Album: Blood Like Lemonade,,http://ift.tt/U1Fg8J
"November 01, 2014 at 08:32PM",Artist: Flunk,Track: Morning Star (Parliavox remix),Album: The Departure Lounge: Lounge,,http://ift.tt/1iO6uKq
"November 01, 2014 at 08:38PM",Artist: All India Radio,Track: Lo Fi Groovy,Album: Permanent Evolutions,,http://ift.tt/wy9U2A
"November 01, 2014 at 08:41PM",Artist: Josh One,Track: Narrow Path,Album: Narrow Path,,http://ift.tt/KcdBRk
"November 01, 2014 at 08:46PM",Artist: Everything But the Girl,Track: Single,Album: Walking Wounded,,http://ift.tt/QxC7Ig
"November 01, 2014 at 08:51PM",Artist: Little People,Track: Start Shootin',Album: Mickey Mouse Operation (Mumbo Jumbo/Illicit),,http://ift.tt/wClSxQ
"November 02, 2014 at 08:27PM",Artist: Radio Citizen,Track: The Hop,Album: Berlin Serengeti,,http://ift.tt/16nGaBG
"November 02, 2014 at 08:30PM",Artist: Mama Oliver,Track: Eastwest (Stoned Together),Album: Kruder & Dorfmeister: the k&d sessions,,http://ift.tt/tjqr7i
"November 03, 2014 at 09:31PM",Artist: The Chemical Brothers,Track: One Too Many Mornings,Album: Exit Planet Dust,,http://ift.tt/xlleVD
"November 03, 2014 at 09:36PM",Artist: Worm Is Green,Track: Optimistic,Album: Push Play,,http://ift.tt/1hfxWUD
"November 03, 2014 at 09:40PM",Artist: Everything But the Girl,Track: Single (Brad Wood Memphis remix),Album: Adapt Or Die - Ten Years Of Remixes,,http://ift.tt/1A8PNFX
"November 03, 2014 at 09:45PM",Artist: Astaire,Track: L-L-Love,Album: Don't Whisper Lies,,http://ift.tt/ylnIKK
"November 03, 2014 at 09:49PM",Artist: Sunlounger,Track: Lost (Chill Version),Album: Sunny Tales,,http://ift.tt/1or9fmk
"November 03, 2014 at 09:54PM",Artist: RJD2,Track: Seven Light Years,Album: In Rare Form,,http://ift.tt/wnFbHo
"November 03, 2014 at 09:59PM",Artist: Percal,Track: Grito Nocturno,"Album: Tango Chill Sessions, Vol. 2",,http://ift.tt/15IukB6
"November 04, 2014 at 11:40AM",Artist: Natural Self,Track: Feet Keep Moving,Album: Shapes 08:01,,http://ift.tt/1bbsYE5
"November 04, 2014 at 11:42AM",Artist: Hard-Fi,Track: Fire in the House,Album: Killer Sounds,,http://ift.tt/S7Yy6S
"November 04, 2014 at 11:46AM",Artist: Fischerspooner,Track: Never Win,Album: Odyssey,,http://ift.tt/ziW1SN
"November 04, 2014 at 11:50AM",Artist: Kasabian,Track: Where Did All the Love Go?,Album: West Ryder Pauper Lunatic Asylum,,http://ift.tt/RdIa4n
"November 04, 2014 at 11:55AM",Artist: Modest Mouse,Track: Dashboard,Album: We Were Dead Before The Ship Even Sank,,http://ift.tt/u4BUTY
"November 04, 2014 at 11:59AM",Artist: Bloc Party,Track: Tulips (Original Version),Album: Tulips,,http://ift.tt/1hxGrpv
"November 04, 2014 at 12:03PM",Artist: Yeah Yeah Yeahs,Track: Maps,Album: Fever To Tell (Explicit),,http://ift.tt/nWppXh
"November 04, 2014 at 12:07PM",Artist: Hard-Fi,Track: Cash Machine (Radio Edit),Album: Best Of 2004 - 2014 (Deluxe Edition) [+video],,http://ift.tt/1fqx5LG
"November 04, 2014 at 01:37PM",Artist: Kasabian,Track: Processed Beats,Album: Kasabian,,http://ift.tt/tiRkOQ
"November 04, 2014 at 01:40PM",Artist: Rock Kills Kid,Track: Midnight,Album: Are You Nervous?,,http://ift.tt/1kGiTPV
"November 04, 2014 at 01:44PM",Artist: Bloc Party,Track: Pioneers,Album: Silent Alarm (Explicit),,http://ift.tt/Noj4oN
"November 04, 2014 at 01:48PM",Artist: Hard-Fi,Track: Cash Machine,Album: Cash Machine EP,,http://ift.tt/yZng0N
"November 04, 2014 at 01:51PM",Artist: The Cinematics,Track: Break,Album: A Strange Education,,http://ift.tt/11KcxWY
"November 04, 2014 at 01:56PM",Artist: Rock Kills Kid,Track: Don't Want To Stay,Album: Are You Nervous?,,http://ift.tt/1nRenD0
"November 04, 2014 at 02:00PM",Artist: Kasabian,Track: Butcher Blues,Album: Kasabian,,http://ift.tt/uu0Wnt
"November 04, 2014 at 02:04PM",Artist: Arctic Monkeys,Track: Fluorescent Adolescent,Album: Favourite Worst Nightmare,,http://ift.tt/pwvtPC
"November 04, 2014 at 02:07PM",Artist: Bloc Party,Track: Kreuzberg,Album: Weekend in the City,,http://ift.tt/uaXIT4
"November 04, 2014 at 07:47PM",Artist: Bloc Party,Track: Blue Light,Album: Silent Alarm (Explicit),,http://ift.tt/vcPWxB
"November 04, 2014 at 07:50PM",Artist: Eagles of Death Metal,Track: I'm Your Torpedo,Album: Heart On,,http://ift.tt/RgaPdW
"November 04, 2014 at 07:56PM",Artist: Kasabian,Track: Club Foot,Album: Kasabian,,http://ift.tt/t7duz3
"November 04, 2014 at 07:59PM",Artist: Hard-Fi,Track: Tonight,Album: Best Of 2004 - 2014 (Deluxe Edition) [+video],,http://ift.tt/Uwuo0P
"November 04, 2014 at 08:04PM",Artist: Muse,Track: Map of the Problematique,Album: Black Holes and Revelations,,http://ift.tt/rlB6zq
"November 04, 2014 at 10:17PM",Artist: Morcheeba,Track: The Music That We Hear,Album: Big Calm,,http://ift.tt/HpL3KZ
"November 04, 2014 at 10:22PM",Artist: Emilíana Torrini,Track: Fingertips,Album: Love in the Time of Science,,http://ift.tt/18RwUZX
"November 04, 2014 at 10:26PM",Artist: Unclubbed & Zoe Durrant,Track: Need To Feel Loved,Album: Need To Feel Loved (Remixes),,http://ift.tt/1x6rSmX
"November 04, 2014 at 10:30PM",Artist: Nightmares on Wax,Track: Passion,Album: In A Space Outta Sound,,http://ift.tt/PcqJmj
"November 04, 2014 at 10:38PM",Artist: Röyksopp,Track: What Else Is There?,Album: The Understanding,,http://ift.tt/ynR8eK
"November 04, 2014 at 10:43PM",Artist: Natalie Imbruglia,Track: Leave Me Alone,Album: Left of the Middle,,http://ift.tt/Hj213M
"November 04, 2014 at 10:47PM",Artist: Flunk,Track: Morning Star,Album: Morning Star,,http://ift.tt/1bCEuXx
"November 04, 2014 at 10:51PM",Artist: Radio Citizen,Track: El Cielo,Album: Berlin Serengeti,,http://ift.tt/SiRVpE
"November 04, 2014 at 10:55PM",Artist: Sneaker Pimps,Track: 6 Underground (Remix),Album: Becoming X,,http://ift.tt/1asaL0D
"November 04, 2014 at 10:59PM",Artist: Dido,Track: Who Makes You Feel,Album: Life for Rent,,http://ift.tt/SoghcS
"November 04, 2014 at 11:03PM",Artist: Bebel Gilberto,Track: Cada Beijo (Thievery Corporation Mix),Album: Bebel Gilberto Remixed,,http://ift.tt/RsKDtE
"November 04, 2014 at 11:08PM",Artist: Thievery Corporation,Track: Holographic Universe,Album: The Cosmic Game,,http://ift.tt/LbvEGf
"November 05, 2014 at 09:32AM",Artist: MGMT,Track: Electric Feel,Album: Oracular Spectacular,,http://ift.tt/mRmY5C
"November 05, 2014 at 09:36AM",Artist: White Town,Track: Your Woman,Album: Women In Technology,,http://ift.tt/sHtqZv
"November 05, 2014 at 09:41AM",Artist: Coconut Records,Track: West Coast,Album: Nighttiming,,http://ift.tt/qT4pYd
"November 05, 2014 at 05:09PM",Artist: Edward Sharpe & The Magnetic Zeros,Track: Home,Album: Up From Below,,http://ift.tt/KWvmN6
"November 05, 2014 at 05:14PM",Artist: The Blow,Track: True Affection,Album: Paper Television,,http://ift.tt/wqSAWl
"November 05, 2014 at 07:00PM",Artist: Citizen Cope,Track: Let The Drummer Kick,Album: Citizen Cope,,http://ift.tt/ABa7vU
"November 05, 2014 at 07:04PM",Artist: Miike Snow,Track: Black & Blue,Album: Miike Snow,,http://ift.tt/KxqFja
"November 05, 2014 at 07:08PM",Artist: Bright Eyes,Track: First Day of My Life,"Album: I'm Wide Awake, It's Morning",,http://ift.tt/13zPizg
"November 05, 2014 at 07:11PM",Artist: Broken Bells,Track: The High Road,Album: Broken Bells,,http://ift.tt/rYBB7Z
"November 05, 2014 at 07:16PM",Artist: Two Door Cinema Club,Track: Something Good Can Work,Album: Tourist History,,http://ift.tt/qM0NZB
"November 05, 2014 at 07:19PM",Artist: MGMT,Track: Kids,Album: Oracular Spectacular,,http://ift.tt/oPqKnF
"November 05, 2014 at 07:24PM",Artist: Ratatat,Track: Lex,Album: Classics,,http://ift.tt/u0kVas
"November 05, 2014 at 07:28PM",Artist: Of Monsters and Men,Track: Mountain Sound,Album: My Head Is an Animal,,http://ift.tt/ICaBcq
"November 05, 2014 at 07:33PM",Artist: Vampire Weekend,Track: Holiday,Album: Contra,,http://ift.tt/ntI7r9
"November 05, 2014 at 07:35PM",Artist: Edward Sharpe & The Magnetic Zeros,Track: 40 Day Dream,Album: Up From Below,,http://ift.tt/JBZzR0
"November 05, 2014 at 07:39PM",Artist: Franz Ferdinand,Track: Take Me Out,Album: Franz Ferdinand,,http://ift.tt/oyKKkB
"November 05, 2014 at 07:43PM",Artist: Crystal Castles,Track: Vanished,Album: Crystal Castles,,http://ift.tt/pf8Ebg
"November 05, 2014 at 07:47PM",Artist: The White Stripes,Track: We're Going to Be Friends,Album: White Blood Cells,,http://ift.tt/ojisSx
"November 05, 2014 at 07:50PM",Artist: Death Cab for Cutie,Track: Soul Meets Body,Album: Plans,,http://ift.tt/trebdd
"November 05, 2014 at 07:54PM",Artist: The Fratellis,Track: Chelsea Dagger,Album: Chelsea Dagger,,http://ift.tt/zbCd8q
"November 05, 2014 at 07:57PM",Artist: Tegan and Sara,Track: Walking With a Ghost,Album: So Jealous,,http://ift.tt/XdUyow
"November 05, 2014 at 08:26PM",Artist: MGMT,Track: Electric Feel (Justice Remix),Album: Electric Feel (Justice Remix) (Radio Single),,http://ift.tt/O3BWpC
"November 05, 2014 at 08:33PM",Artist: Edward Sharpe & The Magnetic Zeros,Track: Janglin',Album: Up From Below,,http://ift.tt/1gfIekZ
"November 05, 2014 at 08:37PM",Artist: M83,Track: Midnight City,Album: Midnight City - Single,,http://ift.tt/qp7d4G
"November 05, 2014 at 08:41PM",Artist: Death Cab for Cutie,Track: I Will Follow You Into The Dark,Album: Plans,,http://ift.tt/mSTGsl
"November 05, 2014 at 08:44PM",Artist: The Bravery,Track: Believe,Album: The Sun And The Moon,,http://ift.tt/scBv9R
"November 05, 2014 at 08:48PM",Artist: Modest Mouse,Track: World at Large,Album: Good News For People Who Love Bad News,,http://ift.tt/XEKXdN
"November 05, 2014 at 08:53PM",Artist: The Shins,Track: Caring Is Creepy,"Album: Oh, Inverted World",,http://ift.tt/xC76xa
"November 05, 2014 at 08:56PM",Artist: Spoon,Track: I Turn My Camera On,Album: I Turn My Camera On,,http://ift.tt/rqVmT9
"November 05, 2014 at 09:00PM",Artist: Grizzly Bear,Track: Two Weeks (Radio Mix),Album: Two Weeks (Radio Single),,http://ift.tt/UFzr1Q
"November 05, 2014 at 09:04PM",Artist: Two Door Cinema Club,Track: What You Know,Album: Tourist History,,http://ift.tt/nCYDbi
"November 05, 2014 at 09:07PM",Artist: Miike Snow,Track: Animal (Punks Jump Up Remix),Album: Animal (Remixes),,http://ift.tt/XGGtVN
"November 05, 2014 at 09:13PM",Artist: Spoon,Track: The Underdog,Album: Ga Ga Ga Ga Ga,,http://ift.tt/nSrY8u
"November 05, 2014 at 09:17PM",Artist: MGMT,"Track: Of Moons, Birds & Monsters",Album: Oracular Spectacular,,http://ift.tt/PupAUI
"November 05, 2014 at 09:22PM",Artist: Of Monsters and Men,Track: Dirty Paws,Album: My Head Is an Animal,,http://ift.tt/HFpA3Z
"November 05, 2014 at 09:26PM",Artist: Weezer,Track: Island in the Sun,Album: The Green Album,,http://ift.tt/WCuKGf
"November 05, 2014 at 09:42PM",Artist: Morcheeba,Track: Trigger Hippie,Album: Who Can You Trust?,,http://ift.tt/pdbymB
"November 06, 2014 at 10:58AM",Artist: MGMT,Track: The Handshake,Album: Oracular Spectacular,,http://ift.tt/zadoWs
"November 06, 2014 at 11:02AM",Artist: Starfucker,Track: Rawnald Gregory Erickson The Second,Album: Starfucker,,http://ift.tt/sv9OXt
"November 07, 2014 at 09:49AM",Artist: Phoenix,Track: Long Distance Call,Album: It's Never Been Like That,,http://ift.tt/OXKkF9
"November 07, 2014 at 09:52AM",Artist: The Black Keys,Track: Howlin' for You,Album: Brothers,,http://ift.tt/oBkFGy
"November 07, 2014 at 09:55AM",Artist: Two Door Cinema Club,Track: Undercover Martyn,Album: Tourist History,,http://ift.tt/q7x70V
"November 07, 2014 at 09:59AM",Artist: The Strokes,Track: Reptilia,Album: Room on Fire,,http://ift.tt/w4f8fc
"November 07, 2014 at 10:01AM",Artist: Ratatat,Track: Mandy,Album: LP4,,http://ift.tt/17tCRcO
"November 07, 2014 at 10:04AM",Artist: Morcheeba,Track: Small Town,Album: Who Can You Trust?,,http://ift.tt/LYhJ5K
"November 07, 2014 at 11:35AM",Artist: Emancipator,Track: When I Go,Album: Soon it Will be Cold Enough,,http://ift.tt/MAXRkp
"November 07, 2014 at 11:41AM",Artist: Air,Track: Alone in Kyoto,Album: Lost In Translation: Music From The Motion Picture Soundtrack,,http://ift.tt/Ak26KB
"November 07, 2014 at 11:46AM",Artist: Ratatat,Track: Bilar,Album: LP4,,http://ift.tt/11u3dIz
"November 07, 2014 at 11:51AM",Artist: D Numbers,Track: Xylem Up,Album: Lightparade,,http://ift.tt/1as9OuO
"November 07, 2014 at 11:56AM",Artist: Visioneers,Track: Ike's Mood I,Album: Dirty Old Hip Hop,,http://ift.tt/GXn5MU
"November 07, 2014 at 12:01PM",Artist: Inf,"Track: Power Moves, Baby",Album: The Go Round,,http://ift.tt/GOrxxL
"November 07, 2014 at 04:26PM",Artist: Massive Attack,Track: Karmacoma,Album: Protection,,http://ift.tt/os5FUA
"November 07, 2014 at 04:31PM",Artist: Morcheeba,Track: Gained the World,Album: Dive Deep,,http://ift.tt/1cSYsvF
"November 07, 2014 at 04:34PM",Artist: Ivy,Track: Midnight Sun,Album: Long Distance,,http://ift.tt/1cxSDZM
"November 07, 2014 at 04:40PM",Artist: Martina Topley-Bird,Track: I Still Feel,Album: Anything,,http://ift.tt/phfFFX
"November 07, 2014 at 04:44PM",Artist: Grisbi,Track: Army of Me,Album: Army Of Me Remixes and Covers,,http://ift.tt/11pwAcv